"year","id","author"
1995,11,"Felix Dannegger"
1995,11,"Artur Klinger"
1995,11,"Kurt Ulm"
1995,1,"Ludwig Fahrmeir"
1995,1,"Christian Gieger"
1995,1,"Artur Klinger"
1995,12,"Ludwig Fahrmeir"
1995,12,"Artur Klinger"
1995,9,"Ludwig Fahrmeir"
1995,9,"L. Pritscher"
1995,7,"Ludwig Fahrmeir"
1995,7,"Stefan Wagenpfeil"
1995,5,"Ludwig Fahrmeir"
1995,5,"Stefan Wagenpfeil"
1995,8,"Leonhard Held"
1995,2,"Leonhard Held"
1995,4,"Helmut Küchenhoff"
1995,4,"Markus Thamerus"
1995,3,"Helmut Pruscha"
1995,10,"M. Spiess"
1995,10,"Alfred Hamerle"
1995,6,"Stefan Wagenpfeil"
1996,44,"Sibel Aydemir"
1996,44,"Ülker Aydemir"
1996,44,"Peter Dirschedl"
1996,25,"Sibel Aydemir"
1996,25,"Ülker Aydemir"
1996,25,"Peter Dirschedl"
1996,31,"Clemens Biller"
1996,31,"Ludwig Fahrmeir"
1996,23,"Claudia Czado"
1996,22,"Claudia Czado"
1996,22,"Axel Munk"
1996,54,"Martin Daumer"
1996,54,"M. Falk"
1996,54,"U. Beyer"
1996,14,"Ludwig Fahrmeir"
1996,14,"Leonhard Held"
1996,45,"Andreas Fieger"
1996,45,"Christian Heumann"
1996,45,"Christian Kastner"
1996,21,"Peter Geil"
1996,21,"Ralph Rotte"
1996,15,"Alfred Hamerle"
1996,15,"M. Moller"
1996,19,"Christian Heumann"
1996,47,"U. Hornsteiner"
1996,47,"Alfred Hamerle"
1996,41,"P. Johansson"
1996,41,"K. Brännäs"
1996,36,"Leonhard Held"
1996,27,"Helmut Küchenhoff"
1996,52,"Guohua Pan"
1996,52,"Thomas J. Santner"
1996,33,"Helmut Pruscha"
1996,28,"H. Rieder"
1996,51,"Thomas J. Santner"
1996,51,"Guohua Pan"
1996,50,"G. Schuster"
1996,43,"G. Schuster"
1996,37,"A. Schöpp"
1996,37,"Helge Toutenburg"
1996,46,"M. Spiess"
1996,46,"Alfred Hamerle"
1996,13,"M. Spiess"
1996,13,"Alfred Hamerle"
1996,29,"M. Stark"
1996,29,"Stefan Wagenpfeil"
1996,29,"H. Nekarda"
1996,48,"Markus Thamerus"
1996,38,"Helge Toutenburg"
1996,38,"Vinay Kumar Srivastava"
1996,38,"Andreas Fieger"
1996,39,"Kurt Ulm"
1996,39,"Felix Dannegger"
1996,39,"M. Spanier"
1996,17,"W. Vach"
1996,17,"S. Illi"
1996,18,"Michael R. Veall"
1996,18,"Klaus F. Zimmermann"
1996,32,"Stefan Wagenpfeil"
1996,20,"F. A. G. Windmeijer"
1996,20,"J. M. C. Santos Silva"
1996,53,"B. Winkler"
1996,24,"Andreas Ziegler"
1996,24,"Christian Kastner"
1996,24,"U. Grömping"
1996,24,"Maria Blettner"
1997,101,"Sibel Aydemir"
1997,101,"Clemens Biller"
1997,81,"Sibel Aydemir"
1997,81,"U. Hornsteiner"
1997,97,"Thomas Bauer"
1997,97,"Ralph Rotte"
1997,94,"L. Bellmann"
1997,94,"S. Bender"
1997,94,"U. Hornsteiner"
1997,88,"Clemens Biller"
1997,70,"Clemens Biller"
1997,73,"Angelika Caputo"
1997,73,"A. Heinicke"
1997,73,"Iris Pigeot"
1997,96,"Chi-Lun Cheng"
1997,96,"Hans Schneeweiß"
1997,72,"Felix Dannegger"
1997,95,"Martin Daumer"
1997,95,"C. Bauer"
1997,95,"C. Lederer"
1997,75,"V. Didelez"
1997,75,"Iris Pigeot"
1997,91,"Ludwig Fahrmeir"
1997,89,"Ludwig Fahrmeir"
1997,89,"Christian Gieger"
1997,89,"Christian Heumann"
1997,12,"Ludwig Fahrmeir"
1997,12,"Artur Klinger"
1997,76,"Ludwig Fahrmeir"
1997,76,"Leonhard Held"
1997,62,"Andreas Fieger"
1997,61,"Andreas Fieger"
1997,63,"Andreas Fieger"
1997,63,"Christian Heumann"
1997,63,"Christian Kastner"
1997,63,"K. Watzka"
1997,71,"Christian Gieger"
1997,77,"G. Haybach"
1997,77,"Helmut Küchenhoff"
1997,80,"U. Hornsteiner"
1997,80,"Alfred Hamerle"
1997,80,"P. Michels"
1997,64,"Christian Kastner"
1997,64,"Andreas Ziegler"
1997,59,"Artur Klinger"
1997,98,"Leonhard Held"
1997,83,"Helmut Küchenhoff"
1997,83,"U. Wellisch"
1997,78,"A. Luhm"
1997,78,"Helmut Pruscha"
1997,92,"Guohua Pan"
1997,92,"Thomas J. Santner"
1997,74,"Iris Pigeot"
1997,74,"A. Heinicke"
1997,74,"Angelika Caputo"
1997,74,"Josef Brüderl"
1997,66,"Helmut Pruscha"
1997,56,"Helmut Pruscha"
1997,56,"Kurt Ulm"
1997,56,"Georg Schmidt"
1997,79,"Helmut Pruscha"
1997,79,"U. Wellisch"
1997,87,"Thomas J. Santner"
1997,93,"Hans Schneeweiß"
1997,82,"R. Spatz"
1997,82,"Alfred Hamerle"
1997,67,"M. Spiess"
1997,67,"W. Nagl"
1997,67,"Alfred Hamerle"
1997,84,"M. Stark"
1997,68,"Markus Thamerus"
1997,58,"Markus Thamerus"
1997,69,"Helge Toutenburg"
1997,69,"Vinay Kumar Srivastava"
1997,69,"Andreas Fieger"
1997,60,"Andreas Ziegler"
1997,60,"Maria Blettner"
1997,60,"Christian Kastner"
1997,60,"J. Chang-Claude"
1997,65,"Andreas Ziegler"
1997,65,"Christian Kastner"
1998,117,"Thomas Bauer"
1998,117,"A. Million"
1998,117,"Ralph Rotte"
1998,117,"Klaus F. Zimmermann"
1998,133,"Clemens Biller"
1998,105,"Angelika Caputo"
1998,104,"Angelika Caputo"
1998,103,"Angelika Caputo"
1998,113,"Chi-Lun Cheng"
1998,113,"Hans Schneeweiß"
1998,113,"Markus Thamerus"
1998,110,"V. Didelez"
1998,137,"Ludwig Fahrmeir"
1998,111,"Ludwig Fahrmeir"
1998,111,"R. Künstler"
1998,134,"Ludwig Fahrmeir"
1998,134,"Stefan Lang"
1998,108,"Andreas Fieger"
1998,108,"Christian Kastner"
1998,108,"Christian Heumann"
1998,135,"Eva-Maria Fronk"
1998,135,"Ludwig Fahrmeir"
1998,136,"Christoff Gössl"
1998,136,"Dorothee P. Auer"
1998,136,"Ludwig Fahrmeir"
1998,116,"Klaus Hahn"
1998,116,"T. Waschulzik"
1998,109,"Christian Heumann"
1998,109,"Andreas Fieger"
1998,109,"Christian Kastner"
1998,107,"Leonhard Held"
1998,107,"Günter Raßer"
1998,140,"Jochen Mayer"
1998,140,"Regina T. Riphahn"
1998,131,"Iris Pigeot"
1998,131,"Angelika Blauth"
1998,131,"François Bry"
1998,114,"Helmut Pruscha"
1998,125,"B. Schaffrin"
1998,125,"Helge Toutenburg"
1998,139,"Murray D. Smith"
1998,126,"Murray D. Smith"
1998,126,"P. G. Moffatt"
1998,102,"M. Spiess"
1998,102,"F. Keller"
1998,123,"Helge Toutenburg"
1998,123,"Andreas Fieger"
1998,123,"Christian Heumann"
1998,127,"Helge Toutenburg"
1998,127,"Andreas Fieger"
1998,127,"Vinay Kumar Srivastava"
1998,124,"Helge Toutenburg"
1998,124,"Shalabh"
1998,118,"Helge Toutenburg"
1998,118,"Shalabh"
1998,112,"Helge Toutenburg"
1998,112,"Shalabh"
1998,130,"Helge Toutenburg"
1998,130,"Vinay Kumar Srivastava"
1998,129,"Helge Toutenburg"
1998,129,"Vinay Kumar Srivastava"
1998,119,"Helge Toutenburg"
1998,119,"Vinay Kumar Srivastava"
1998,122,"Helge Toutenburg"
1998,122,"Vinay Kumar Srivastava"
1998,122,"B. Schaffrin"
1998,115,"Kurt Ulm"
1998,115,"Felix Dannegger"
1998,115,"Ursula Becker"
1998,121,"Gerhard Winkler"
1998,120,"Gerhard Winkler"
1998,138,"Gerhard Winkler"
1998,138,"Volker Aurich"
1998,138,"Klaus Hahn"
1998,138,"A. Martin"
1998,138,"K. Rodenacker"
1998,132,"Gerhard Winkler"
1998,132,"Klaus Hahn"
1998,132,"Volker Aurich"
1998,128,"Andreas Ziegler"
1998,128,"Christian Kastner"
1999,172,"Thomas Augustin"
1999,157,"Thomas Augustin"
1999,161,"Angelika Caputo"
1999,158,"V. Didelez"
1999,150,"J. Dreesman"
1999,150,"Gerhard Tutz"
1999,170,"W. Eberle"
1999,170,"Helge Toutenburg"
1999,134,"Ludwig Fahrmeir"
1999,134,"Stefan Lang"
1999,145,"H. Friedl"
1999,145,"Göran Kauermann"
1999,177,"Christian Gieger"
1999,152,"P. Giudici"
1999,152,"Leonhard Held"
1999,152,"Günter Raßer"
1999,148,"Christoff Gössl"
1999,148,"Helmut Küchenhoff"
1999,156,"Christian Kastner"
1999,156,"Andreas Fieger"
1999,156,"Christian Heumann"
1999,167,"Christian Kastner"
1999,167,"Andreas Ziegler"
1999,162,"Göran Kauermann"
1999,144,"Göran Kauermann"
1999,149,"Göran Kauermann"
1999,149,"Gerhard Tutz"
1999,165,"Artur Klinger"
1999,147,"Leonhard Held"
1999,176,"Leonhard Held"
1999,176,"Nikolaus Becker"
1999,160,"Leonhard Held"
1999,160,"E. Rainer"
1999,142,"Leonhard Held"
1999,142,"Günter Raßer"
1999,164,"M. Nikele"
1999,164,"Ludwig Fahrmeir"
1999,173,"Helmut Pruscha"
1999,173,"A. Göttlein"
1999,141,"Colin Rose"
1999,141,"Murray D. Smith"
1999,153,"Hans Schneeweiß"
1999,159,"J. Shao"
1999,159,"J. Kübler"
1999,159,"Iris Pigeot"
1999,175,"Vinay Kumar Srivastava"
1999,175,"Helge Toutenburg"
1999,166,"Helge Toutenburg"
1999,166,"Andreas Fieger"
1999,166,"B. Schaffrin"
1999,178,"Helge Toutenburg"
1999,178,"T. Nittner"
1999,174,"Helge Toutenburg"
1999,174,"Shalabh"
1999,163,"Helge Toutenburg"
1999,163,"Shalabh"
1999,154,"Helge Toutenburg"
1999,154,"Shalabh"
1999,155,"Helge Toutenburg"
1999,155,"Vinay Kumar Srivastava"
1999,143,"M. Trevisani"
1999,143,"R. Causin"
1999,143,"L. Montecchio"
1999,143,"Christian Kastner"
1999,143,"Christian Heumann"
1999,151,"Gerhard Tutz"
1999,151,"Silke Edlich"
1999,151,"Christoph Bäumer"
1999,146,"Gerhard Winkler"
1999,146,"Volkmar Liebscher"
1999,146,"Volker Aurich"
1999,168,"Andreas Ziegler"
1999,168,"Christian Kastner"
1999,168,"D. Brunner"
1999,168,"Maria Blettner"
2000,196,"Thomas Augustin"
2000,207,"Ursula Berger"
2000,207,"Pia Gerein"
2000,207,"Kurt Ulm"
2000,207,"Juliane Schäfer"
2000,224,"Angelika Blauth"
2000,224,"Iris Pigeot"
2000,181,"T. Briegel"
2000,181,"V. Tresp"
2000,186,"V. Didelez"
2000,186,"Iris Pigeot"
2000,186,"K. Dean"
2000,186,"A. Wister"
2000,185,"V. Didelez"
2000,185,"Iris Pigeot"
2000,185,"P. Walter"
2000,202,"Ludwig Fahrmeir"
2000,202,"Stefan Lang"
2000,211,"Ludwig Fahrmeir"
2000,211,"Stefan Lang"
2000,211,"J. Wolff"
2000,211,"S. Bender"
2000,221,"Eva-Maria Fronk"
2000,221,"P. Giudici"
2000,205,"C. D. Galindo"
2000,205,"Göran Kauermann"
2000,205,"H. Liang"
2000,205,"R. J. Carroll"
2000,216,"H. Gartner"
2000,215,"H. Gartner"
2000,192,"Christoff Gössl"
2000,192,"Dorothee P. Auer"
2000,192,"Ludwig Fahrmeir"
2000,180,"Klaus Hahn"
2000,180,"K. Rodenacker"
2000,180,"Volker Aurich"
2000,180,"Dorothee P. Auer"
2000,199,"Christian Heumann"
2000,189,"Göran Kauermann"
2000,189,"R. J. Carroll"
2000,190,"Göran Kauermann"
2000,190,"J. D. Opsomer"
2000,193,"Göran Kauermann"
2000,193,"Gerhard Tutz"
2000,214,"Stephan Klasen"
2000,217,"Stephan Klasen"
2000,217,"A. Moradi"
2000,213,"Stephan Klasen"
2000,213,"I. Woolard"
2000,212,"Stephan Klasen"
2000,183,"Leonhard Held"
2000,183,"N. G. Best"
2000,210,"Leonhard Held"
2000,210,"H. Rue"
2000,208,"Alexander Kukush"
2000,208,"Erich Otto Maschke"
2000,218,"Alexander Kukush"
2000,218,"Hans Schneeweiß"
2000,187,"Stefan Lang"
2000,187,"Andreas Brezger"
2000,182,"Brian D. Marx"
2000,195,"Victoria Pashova"
2000,195,"Kurt Ulm"
2000,197,"Hans Schneeweiß"
2000,197,"T. Nittner"
2000,194,"V. Seifert-Klauss"
2000,194,"J. E. Mueller"
2000,194,"R. Probst"
2000,194,"J. Wilker"
2000,194,"C. Höß"
2000,194,"T. Treumann"
2000,194,"Christian Kastner"
2000,194,"Kurt Ulm"
2000,194,"P. Luppa"
2000,191,"S. Storck"
2000,188,"S. Storck"
2000,188,"Christian Kastner"
2000,188,"Helge Toutenburg"
2000,204,"Helge Toutenburg"
2000,204,"Andreas Fieger"
2000,184,"Helge Toutenburg"
2000,184,"Vinay Kumar Srivastava"
2000,179,"Helge Toutenburg"
2000,179,"Vinay Kumar Srivastava"
2000,209,"Gerhard Tutz"
2000,209,"T. Scholz"
2000,198,"Kurt Ulm"
2000,198,"Georg Schmidt"
2000,198,"Petra Barthel"
2000,198,"Raphael Schneider"
2000,198,"Victoria Pashova"
2000,198,"Linda Rolnitzky"
2000,198,"J. Thomas Bigger Jr."
2000,198,"Albert Schömig"
2000,203,"J. Wolff"
2000,203,"Thomas Augustin"
2000,200,"Andreas Ziegler"
2000,200,"Christian Kastner"
2000,201,"Andreas Ziegler"
2000,201,"Christian Kastner"
2000,201,"J. Chang-Claude"
2001,257,"Thomas Augustin"
2001,257,"F. P. A. Coolen"
2001,261,"Thomas Augustin"
2001,261,"S. Pöhlmann"
2001,260,"Thomas Augustin"
2001,260,"R. Schwarz"
2001,259,"Chi-Lun Cheng"
2001,259,"Hans Schneeweiß"
2001,235,"Claudia Czado"
2001,262,"Claudia Czado"
2001,262,"A. E. Raftery"
2001,232,"Claudia Czado"
2001,232,"Peter X.-K. Song"
2001,256,"Jochen Einbeck"
2001,248,"Jochen Einbeck"
2001,248,"Göran Kauermann"
2001,245,"N. B. Kandala"
2001,245,"Stefan Lang"
2001,245,"Stephan Klasen"
2001,245,"Ludwig Fahrmeir"
2001,255,"Göran Kauermann"
2001,247,"Göran Kauermann"
2001,247,"J. D. Opsomer"
2001,242,"Göran Kauermann"
2001,242,"Gerhard Tutz"
2001,266,"Claudia Klüppelberg"
2001,266,"R. A. Maller"
2001,266,"M. Van De Vyver"
2001,266,"D. Wee"
2001,264,"Claudia Klüppelberg"
2001,264,"S. Pergamenchtchikov"
2001,258,"Claudia Klüppelberg"
2001,258,"M. Severin"
2001,249,"Leonhard Held"
2001,249,"Günter Raßer"
2001,249,"Nikolaus Becker"
2001,243,"Alexander Kukush"
2001,243,"Hans Schneeweiß"
2001,243,"R. Wolf"
2001,233,"Alexander Kukush"
2001,233,"Hans Schneeweiß"
2001,233,"R. Wolf"
2001,236,"Stefan Lang"
2001,236,"Andreas Brezger"
2001,230,"Stefan Lang"
2001,230,"Ludwig Fahrmeir"
2001,263,"Stefan Lang"
2001,263,"Eva-Maria Fronk"
2001,263,"Ludwig Fahrmeir"
2001,237,"Stefan Lang"
2001,237,"P. Kragler"
2001,237,"G. Haybach"
2001,237,"Ludwig Fahrmeir"
2001,265,"G. Salanti"
2001,265,"Kurt Ulm"
2001,234,"G. Salanti"
2001,234,"Kurt Ulm"
2001,254,"C. Staubach"
2001,254,"Volker J. Schmid"
2001,254,"M. Ziller"
2001,254,"Leonhard Held"
2001,252,"Helge Toutenburg"
2001,252,"Shalabh"
2001,240,"Helge Toutenburg"
2001,240,"Shalabh"
2001,239,"Helge Toutenburg"
2001,239,"Shalabh"
2001,238,"Helge Toutenburg"
2001,238,"Shalabh"
2001,241,"Helge Toutenburg"
2001,241,"Vinay Kumar Srivastava"
2001,251,"Gerhard Tutz"
2001,250,"Gerhard Tutz"
2001,253,"J. Wolff"
2002,303,"Samson B. Adebayo"
2002,303,"Ludwig Fahrmeir"
2002,277,"Thomas Augustin"
2002,276,"Thomas Augustin"
2002,299,"Ursula Berger"
2002,299,"Ludwig Fahrmeir"
2002,299,"Stephan Klasen"
2002,278,"Angelika Blauth"
2002,278,"Iris Pigeot"
2002,274,"R. Böheim"
2002,273,"R. Böheim"
2002,302,"Claudia Czado"
2002,302,"Susanne Gschlößl"
2002,268,"Claudia Czado"
2002,268,"F. Rudolph"
2002,289,"Claudia Czado"
2002,289,"I. Sikora"
2002,288,"C. Di Serio"
2002,288,"P. Vicard"
2002,292,"Jochen Einbeck"
2002,290,"Jochen Einbeck"
2002,290,"C. Diva Saldiva de André"
2002,290,"J. Singer"
2002,271,"Eva-Maria Fronk"
2002,296,"Klaus Hahn"
2002,296,"K. Rodenacker"
2002,296,"Dorothee P. Auer"
2002,287,"N. B. Kandala"
2002,287,"Ludwig Fahrmeir"
2002,287,"Stephan Klasen"
2002,282,"Göran Kauermann"
2002,282,"Ursula Berger"
2002,269,"Göran Kauermann"
2002,269,"Helmut Küchenhoff"
2002,297,"V. G. Kiselev"
2002,297,"Klaus Hahn"
2002,297,"Dorothee P. Auer"
2002,270,"Claudia Klüppelberg"
2002,267,"Claudia Klüppelberg"
2002,267,"S. Pergamenchtchikov"
2002,244,"Alexander Kukush"
2002,244,"Hans Schneeweiß"
2002,244,"R. Wolf"
2002,293,"Alexander Kukush"
2002,293,"Sergiy Shklyar"
2002,300,"Stefan Lang"
2002,300,"Samson B. Adebayo"
2002,300,"Ludwig Fahrmeir"
2002,300,"Winfried J. Steiner"
2002,301,"Gernot Müller"
2002,301,"Claudia Czado"
2002,284,"T. Nittner"
2002,272,"T. Nittner"
2002,291,"M. A. E. Odejar"
2002,295,"T. Payer"
2002,295,"Helmut Küchenhoff"
2002,285,"S. Scheid"
2002,281,"Hans Schneeweiß"
2002,281,"Chi-Lun Cheng"
2002,281,"R. Wolf"
2002,283,"Sergiy Shklyar"
2002,283,"Hans Schneeweiß"
2002,286,"Helge Toutenburg"
2002,286,"Christian Heumann"
2002,286,"T. Nittner"
2002,286,"S. Scheid"
2002,298,"Gerhard Tutz"
2002,294,"Gerhard Tutz"
2002,294,"Harald Binder"
2003,345,"Thomas Augustin"
2003,345,"A. Döring"
2003,345,"D. Rummel"
2003,338,"R. Bender"
2003,338,"Thomas Augustin"
2003,338,"Maria Blettner"
2003,309,"S. Bender"
2003,309,"A. Kohlmann"
2003,309,"Stefan Lang"
2003,336,"Anne-Laure Boulesteix"
2003,336,"V. Hösel"
2003,336,"Volkmar Liebscher"
2003,313,"Anne-Laure Boulesteix"
2003,313,"Gerhard Tutz"
2003,332,"Andreas Brezger"
2003,332,"Thomas Kneib"
2003,332,"Stefan Lang"
2003,321,"Andreas Brezger"
2003,321,"Stefan Lang"
2003,331,"Andreas Brezger"
2003,331,"Winfried J. Steiner"
2003,357,"Claudia Czado"
2003,357,"Susanne Gschlößl"
2003,353,"C. Di Serio"
2003,353,"C. Lamina"
2003,320,"Jochen Einbeck"
2003,320,"Gerhard Tutz"
2003,320,"L. Evers"
2003,317,"Ludwig Fahrmeir"
2003,317,"Christoff Gössl"
2003,317,"Andrea Hennerfeind"
2003,361,"Ludwig Fahrmeir"
2003,361,"Andrea Hennerfeind"
2003,305,"Ludwig Fahrmeir"
2003,305,"Thomas Kneib"
2003,305,"Stefan Lang"
2003,334,"Ludwig Fahrmeir"
2003,334,"L. Osuna"
2003,329,"F. Friedrich"
2003,329,"Gerhard Winkler"
2003,329,"Olaf Wittich"
2003,329,"Volkmar Liebscher"
2003,322,"H. Gartner"
2003,322,"S. Scheid"
2003,315,"H. Gartner"
2003,315,"T. Scholz"
2003,354,"U. Gehrmann"
2003,354,"B. Hellriegel"
2003,354,"Albrecht Neiß"
2003,354,"Ludwig Fahrmeir"
2003,358,"Klaus Hahn"
2003,358,"Sergej Prigarin"
2003,358,"Benno Pütz"
2003,356,"Susanne Heim"
2003,356,"Klaus Hahn"
2003,356,"Dorothee P. Auer"
2003,355,"B. Hellriegel"
2003,355,"Martin Daumer"
2003,355,"Albrecht Neiß"
2003,333,"Andrea Hennerfeind"
2003,333,"Andreas Brezger"
2003,333,"Ludwig Fahrmeir"
2003,306,"C. Holmes"
2003,306,"Leonhard Held"
2003,326,"Ralph Högn"
2003,326,"Claudia Czado"
2003,310,"A. Jerak"
2003,310,"Stefan Lang"
2003,323,"A. Jerak"
2003,323,"S. Wagner"
2003,311,"V. Kehl"
2003,311,"Kurt Ulm"
2003,366,"V. Kehl"
2003,366,"Kurt Ulm"
2003,366,"Georg Schmidt"
2003,366,"Petra Barthel"
2003,366,"M. Malik"
2003,352,"Stephan Klasen"
2003,352,"A. Launov"
2003,337,"Claudia Klüppelberg"
2003,337,"Alexander M. Lindner"
2003,337,"R. A. Maller"
2003,367,"L. Knüsel"
2003,312,"Rüdiger Krause"
2003,312,"Gerhard Tutz"
2003,346,"Helmut Küchenhoff"
2003,346,"R. Bender"
2003,346,"I. Langner"
2003,346,"R. Lenz-Tönjes"
2003,362,"I. Langner"
2003,362,"R. Bender"
2003,362,"R. Lenz-Tönjes"
2003,362,"Helmut Küchenhoff"
2003,362,"Maria Blettner"
2003,351,"A. Launov"
2003,347,"Alexander M. Lindner"
2003,347,"K. Meyer"
2003,360,"A. Martin"
2003,349,"A. Martin"
2003,349,"Sergej Prigarin"
2003,349,"Gerhard Winkler"
2003,327,"A. Martin"
2003,327,"Sergej Prigarin"
2003,327,"Gerhard Winkler"
2003,335,"Gernot Müller"
2003,335,"Claudia Czado"
2003,335,"Stefan Antes"
2003,335,"Martin Rottenwallner"
2003,363,"M. Müller"
2003,363,"Kurt Ulm"
2003,328,"Sergej Prigarin"
2003,328,"Gerhard Winkler"
2003,319,"G. Salanti"
2003,319,"Kurt Ulm"
2003,314,"Volker J. Schmid"
2003,314,"Leonhard Held"
2003,339,"Hans Schneeweiß"
2003,340,"Hans Schneeweiß"
2003,340,"Chi-Lun Cheng"
2003,307,"Hans Schneeweiß"
2003,307,"Erich Otto Maschke"
2003,307,"Manfred Pfannes"
2003,316,"Michael Smith"
2003,316,"Benno Pütz"
2003,316,"Dorothee P. Auer"
2003,316,"Ludwig Fahrmeir"
2003,364,"R. Strobl"
2003,364,"G. Salanti"
2003,364,"Kurt Ulm"
2003,318,"Gerhard Tutz"
2003,359,"Gerhard Tutz"
2003,359,"K. Hechenbichler"
2003,304,"Gerhard Tutz"
2003,304,"T. Scholz"
2003,365,"Kurt Ulm"
2003,365,"Petra Barthel"
2003,365,"Linda Rolnitzky"
2003,365,"Raphael Schneider"
2003,365,"M. Malik"
2003,365,"J. Thomas Bigger Jr."
2003,365,"Georg Schmidt"
2003,348,"Gerhard Winkler"
2003,348,"A. Kempe"
2003,348,"Volkmar Liebscher"
2003,348,"Olaf Wittich"
2003,344,"J. Wolff"
2003,343,"J. Wolff"
2003,343,"P. Trübswetter"
2004,387,"A. O. Adejumo"
2004,387,"Christian Heumann"
2004,387,"Helge Toutenburg"
2004,386,"A. O. Adejumo"
2004,386,"Christian Heumann"
2004,386,"Helge Toutenburg"
2004,385,"A. O. Adejumo"
2004,385,"Christian Heumann"
2004,385,"Helge Toutenburg"
2004,388,"Ole Eiler Barndorff-Nielsen"
2004,388,"Alexander M. Lindner"
2004,381,"Ole Eiler Barndorff-Nielsen"
2004,381,"Robert Stelzer"
2004,397,"Anne-Laure Boulesteix"
2004,392,"Anne-Laure Boulesteix"
2004,369,"Anne-Laure Boulesteix"
2004,369,"Gerhard Tutz"
2004,398,"Claudia Czado"
2004,398,"A. Delwarde"
2004,398,"M. Denuit"
2004,403,"Claudia Czado"
2004,403,"A. Kolbe"
2004,384,"Claudia Czado"
2004,384,"A. Kolbe"
2004,406,"Claudia Czado"
2004,406,"S. Prokopenko"
2004,395,"Jochen Einbeck"
2004,395,"Gerhard Tutz"
2004,399,"K. Hechenbichler"
2004,399,"K. Schliep"
2004,402,"Leonhard Held"
2004,402,"Michael Höhle"
2004,402,"M. Hofmann"
2004,376,"Leonhard Held"
2004,376,"Argwings Otiemo Ranyimbo"
2004,393,"F. Helms"
2004,393,"Claudia Czado"
2004,393,"Susanne Gschlößl"
2004,394,"M. Hofmann"
2004,394,"Michael Höhle"
2004,394,"Leonhard Held"
2004,375,"T. Hsing"
2004,375,"Claudia Klüppelberg"
2004,375,"Gabriel Kuhn"
2004,374,"T. Hsing"
2004,374,"Claudia Klüppelberg"
2004,374,"Gabriel Kuhn"
2004,400,"Thomas Kneib"
2004,400,"Ludwig Fahrmeir"
2004,377,"Thomas Kneib"
2004,377,"Ludwig Fahrmeir"
2004,390,"Rüdiger Krause"
2004,390,"Gerhard Tutz"
2004,389,"Rüdiger Krause"
2004,389,"Gerhard Tutz"
2004,396,"Alexander Kukush"
2004,396,"Hans Schneeweiß"
2004,391,"A. van der Linde"
2004,391,"Gerhard Tutz"
2004,382,"M. Müller"
2004,373,"T. Nittner"
2004,373,"Helge Toutenburg"
2004,380,"Helge Toutenburg"
2004,380,"Christian Heumann"
2004,380,"T. Nittner"
2004,401,"Gerhard Tutz"
2004,401,"Harald Binder"
2004,378,"Gerhard Tutz"
2004,378,"Harald Binder"
2004,383,"A. Zempléni"
2005,449,"Anne-Laure Boulesteix"
2005,407,"Anne-Laure Boulesteix"
2005,457,"Anne-Laure Boulesteix"
2005,457,"Korbinian Strimmer"
2005,411,"Anne-Laure Boulesteix"
2005,411,"Korbinian Strimmer"
2005,456,"Andreas Brezger"
2005,456,"Ludwig Fahrmeir"
2005,456,"Andrea Hennerfeind"
2005,437,"Andreas Brezger"
2005,437,"Stefan Lang"
2005,428,"Peter J. Brockwell"
2005,428,"Erdenebaatar Chadraa"
2005,428,"Alexander M. Lindner"
2005,463,"Claudia Czado"
2005,463,"Anette Heyn"
2005,463,"Gernot Müller"
2005,413,"Claudia Czado"
2005,413,"Anette Heyn"
2005,413,"Gernot Müller"
2005,423,"Claudia Czado"
2005,423,"Aleksey Min"
2005,450,"Christiane Dargatz"
2005,450,"Vera Georgescu"
2005,450,"Leonhard Held"
2005,429,"G. C. Ebers"
2005,429,"L. Heigenhauser"
2005,429,"Martin Daumer"
2005,429,"C. Lederer"
2005,429,"J. H. Noseworthy"
2005,436,"Paul H. C. Eilers"
2005,436,"Susanne Heim"
2005,436,"Brian D. Marx"
2005,465,"Jochen Einbeck"
2005,465,"Thomas Augustin"
2005,427,"V. Fasen"
2005,427,"Claudia Klüppelberg"
2005,427,"Alexander M. Lindner"
2005,461,"Susanne Gschlößl"
2005,461,"Claudia Czado"
2005,460,"Susanne Gschlößl"
2005,460,"Claudia Czado"
2005,434,"Susanne Gschlößl"
2005,434,"Claudia Czado"
2005,412,"Susanne Gschlößl"
2005,412,"Claudia Czado"
2005,459,"Klaus Hahn"
2005,459,"Sergej Prigarin"
2005,459,"Susanne Heim"
2005,459,"Khader Hasan"
2005,409,"Klaus Hahn"
2005,409,"Sergej Prigarin"
2005,409,"Benno Pütz"
2005,409,"Khader Hasan"
2005,440,"Stephan Haug"
2005,440,"Claudia Czado"
2005,458,"Stephan Haug"
2005,458,"Claudia Klüppelberg"
2005,458,"Alexander M. Lindner"
2005,458,"M. Zapp"
2005,435,"L. Heigenhauser"
2005,435,"C. Confavreux"
2005,435,"Martin Daumer"
2005,435,"G. C. Ebers"
2005,435,"L. Kappos"
2005,435,"C. Lederer"
2005,435,"Albrecht Neiß"
2005,435,"C. Polman"
2005,435,"S. Vukusic"
2005,455,"Susanne Heim"
2005,455,"Ludwig Fahrmeir"
2005,455,"Paul H. C. Eilers"
2005,455,"Brian D. Marx"
2005,424,"Leonhard Held"
2005,424,"M. Hofmann"
2005,424,"Michael Höhle"
2005,424,"Volker J. Schmid"
2005,430,"U. Held"
2005,430,"L. Heigenhauser"
2005,430,"C. Shang"
2005,430,"L. Kappos"
2005,430,"C. Polman"
2005,454,"Andrea Hennerfeind"
2005,454,"Andreas Brezger"
2005,454,"Ludwig Fahrmeir"
2005,414,"Andrea Hennerfeind"
2005,414,"Andreas Brezger"
2005,414,"Ludwig Fahrmeir"
2005,422,"Michael Höhle"
2005,422,"A. Riebler"
2005,432,"Claudia Klüppelberg"
2005,432,"Alexander M. Lindner"
2005,426,"Claudia Klüppelberg"
2005,426,"Alexander M. Lindner"
2005,426,"R. A. Maller"
2005,425,"Claudia Klüppelberg"
2005,425,"Alexander M. Lindner"
2005,425,"R. A. Maller"
2005,447,"Thomas Kneib"
2005,431,"Thomas Kneib"
2005,431,"Ludwig Fahrmeir"
2005,410,"Gabriel Kuhn"
2005,451,"Alexander Kukush"
2005,451,"Hans Schneeweiß"
2005,451,"Sergiy Shklyar"
2005,444,"Florian Leitenstorfer"
2005,444,"Gerhard Tutz"
2005,433,"Alexander M. Lindner"
2005,433,"Alexander Szimayer"
2005,421,"D. Nilsson"
2005,421,"Michael Höhle"
2005,408,"Sergej Prigarin"
2005,408,"Klaus Hahn"
2005,453,"Matthias Schmid"
2005,462,"Matthias Schmid"
2005,462,"Hans Schneeweiß"
2005,443,"Matthias Schmid"
2005,443,"Hans Schneeweiß"
2005,416,"Matthias Schmid"
2005,416,"Hans Schneeweiß"
2005,416,"Helmut Küchenhoff"
2005,415,"Matthias Schmid"
2005,415,"Hans Schneeweiß"
2005,415,"Helmut Küchenhoff"
2005,446,"Hans Schneeweiß"
2005,439,"Hans Schneeweiß"
2005,452,"Hans Schneeweiß"
2005,452,"Thomas Augustin"
2005,442,"Shalabh"
2005,442,"Helge Toutenburg"
2005,441,"Shalabh"
2005,441,"Helge Toutenburg"
2005,445,"Sergiy Shklyar"
2005,445,"Hans Schneeweiß"
2005,445,"Alexander Kukush"
2005,438,"Winfried J. Steiner"
2005,438,"Christiane Belitz"
2005,438,"Stefan Lang"
2005,420,"Carolin Strobl"
2005,419,"Carolin Strobl"
2005,464,"Carolin Strobl"
2005,464,"Anne-Laure Boulesteix"
2005,464,"Thomas Augustin"
2005,418,"Gerhard Tutz"
2005,418,"Harald Binder"
2005,417,"Gerhard Tutz"
2005,417,"Florian Leitenstorfer"
2005,448,"Gerhard Tutz"
2005,448,"Florian Reithinger"
2006,487,"Kjersti Aas"
2006,487,"Claudia Czado"
2006,487,"Arnoldo Frigessi"
2006,487,"Henrik Bakken"
2006,476,"Anne-Laure Boulesteix"
2006,476,"Carolin Strobl"
2006,489,"F. P. A. Coolen"
2006,489,"Thomas Augustin"
2006,482,"Claudia Czado"
2006,482,"Vinzenz Erhardt"
2006,482,"Aleksey Min"
2006,516,"Claudia Czado"
2006,516,"Stephan Haug"
2006,484,"Claudia Czado"
2006,484,"Stephan Haug"
2006,474,"Claudia Czado"
2006,474,"Aleksey Min"
2006,511,"Claudia Czado"
2006,511,"Carolin Pflüger"
2006,503,"Claudia Czado"
2006,503,"Peter X.-K. Song"
2006,517,"Christiane Dargatz"
2006,510,"Ludwig Fahrmeir"
2006,510,"Thomas Kneib"
2006,471,"Ludwig Fahrmeir"
2006,471,"Alexander Raach"
2006,508,"Ludwig Fahrmeir"
2006,508,"Sven Steinert"
2006,475,"Susanne Gschlößl"
2006,475,"Claudia Czado"
2006,480,"Stephan Haug"
2006,480,"Claudia Czado"
2006,505,"Susanne Heim"
2006,488,"Hermann Held"
2006,488,"Elmar Kriegler"
2006,488,"Thomas Augustin"
2006,515,"Andrea Hennerfeind"
2006,515,"Leonhard Held"
2006,478,"Hajo Holzmann"
2006,478,"Aleksey Min"
2006,478,"Claudia Czado"
2006,497,"Ralph Högn"
2006,497,"Claudia Czado"
2006,500,"Michael Höhle"
2006,499,"Michael Höhle"
2006,499,"Leonhard Held"
2006,507,"Claudia Klüppelberg"
2006,507,"Gabriel Kuhn"
2006,470,"Claudia Klüppelberg"
2006,470,"Gabriel Kuhn"
2006,470,"Liang Peng"
2006,468,"Claudia Klüppelberg"
2006,468,"Gabriel Kuhn"
2006,468,"Liang Peng"
2006,469,"Claudia Klüppelberg"
2006,469,"Liang Peng"
2006,501,"Thomas Kneib"
2006,501,"Bernhard Baumgartner"
2006,501,"Winfried J. Steiner"
2006,502,"Thomas Kneib"
2006,502,"Andrea Hennerfeind"
2006,492,"Thomas Kneib"
2006,492,"Jörg Müller"
2006,492,"Torsten Hothorn"
2006,485,"N. Krämer"
2006,485,"Anne-Laure Boulesteix"
2006,485,"Gerhard Tutz"
2006,494,"Alexander Kukush"
2006,494,"Andrii Malenko"
2006,494,"Hans Schneeweiß"
2006,498,"Alexander Kukush"
2006,498,"Andrii Malenko"
2006,498,"Hans Schneeweiß"
2006,498,"Shalabh"
2006,477,"Alexander Kukush"
2006,477,"Hans Schneeweiß"
2006,473,"Helmut Küchenhoff"
2006,473,"Wolfgang Lederer"
2006,473,"Emmanuel Lesaffre"
2006,481,"Florian Leitenstorfer"
2006,481,"Gerhard Tutz"
2006,467,"Florian Leitenstorfer"
2006,467,"Gerhard Tutz"
2006,504,"Gernot Müller"
2006,504,"Claudia Czado"
2006,506,"Anneke Neuhaus"
2006,506,"Thomas Augustin"
2006,506,"Christian Heumann"
2006,506,"Martin Daumer"
2006,483,"Florian Reithinger"
2006,483,"Wolfgang Jank"
2006,483,"Gerhard Tutz"
2006,483,"Galit Shmueli"
2006,472,"Matthias Schmid"
2006,479,"Hans Schneeweiß"
2006,479,"John Komlos"
2006,479,"A. Ahmad"
2006,491,"Hans Schneeweiß"
2006,491,"Alexander Kukush"
2006,493,"Hans Schneeweiß"
2006,493,"Shalabh"
2006,509,"Shalabh"
2006,509,"Helge Toutenburg"
2006,509,"Christian Heumann"
2006,496,"Shalabh"
2006,496,"Helge Toutenburg"
2006,496,"Christian Heumann"
2006,495,"Shalabh"
2006,495,"Helge Toutenburg"
2006,495,"Christian Heumann"
2006,490,"Carolin Strobl"
2006,490,"Anne-Laure Boulesteix"
2006,490,"Achim Zeileis"
2006,490,"Torsten Hothorn"
2006,486,"Gerhard Tutz"
2006,486,"Jan Ulbricht"
